{
  "$schema": "./node_modules/ng-packagr/package.schema.json",
  "lib": {
    "entryFile": "src/index.ts",
    "umdModuleIds": {
      "@baloise/design-system-components": "@baloise/design-system-components",
      "@baloise/design-system-components/loader": "@baloise/design-system-components/loader",
      "@baloise/design-system-components/dist/components/bal-accordion": "balAccordion",
      "@baloise/design-system-components/dist/components/bal-app": "balApp",
      "@baloise/design-system-components/dist/components/bal-button": "balButton",
      "@baloise/design-system-components/dist/components/bal-button-group": "balButtonGroup",
      "@baloise/design-system-components/dist/components/bal-logo": "balLogo",
      "@baloise/design-system-components/dist/components/bal-badge": "balBadge",
      "@baloise/design-system-components/dist/components/bal-close": "balClose",
      "@baloise/design-system-components/dist/components/bal-input-group": "balInputGroup",
      "@baloise/design-system-components/dist/components/bal-card": "balCard",
      "@baloise/design-system-components/dist/components/bal-card-actions": "balCardActions",
      "@baloise/design-system-components/dist/components/bal-card-button": "balCardButton",
      "@baloise/design-system-components/dist/components/bal-card-content": "balCardContent",
      "@baloise/design-system-components/dist/components/bal-card-subtitle": "balCardSubtitle",
      "@baloise/design-system-components/dist/components/bal-card-title": "balCardTitle",
      "@baloise/design-system-components/dist/components/bal-checkbox": "balCheckbox",
      "@baloise/design-system-components/dist/components/bal-checkbox-group": "balCheckboxGroup",
      "@baloise/design-system-components/dist/components/bal-data": "balData",
      "@baloise/design-system-components/dist/components/bal-data-item": "balDataItem",
      "@baloise/design-system-components/dist/components/bal-data-label": "balDataLabel",
      "@baloise/design-system-components/dist/components/bal-data-value": "balDataValue",
      "@baloise/design-system-components/dist/components/bal-datepicker": "balDatepicker",
      "@baloise/design-system-components/dist/components/bal-field": "balField",
      "@baloise/design-system-components/dist/components/bal-field-control": "balFieldControl",
      "@baloise/design-system-components/dist/components/bal-field-hint": "balFieldHint",
      "@baloise/design-system-components/dist/components/bal-field-label": "balFieldLabel",
      "@baloise/design-system-components/dist/components/bal-field-message": "balFieldMessage",
      "@baloise/design-system-components/dist/components/bal-file-upload": "balFileUpload",
      "@baloise/design-system-components/dist/components/bal-footer": "balFooter",
      "@baloise/design-system-components/dist/components/bal-heading": "balHeading",
      "@baloise/design-system-components/dist/components/bal-hint": "balHint",
      "@baloise/design-system-components/dist/components/bal-hint-text": "balHintText",
      "@baloise/design-system-components/dist/components/bal-hint-title": "balHintTitle",
      "@baloise/design-system-components/dist/components/bal-icon": "balIcon",
      "@baloise/design-system-components/dist/components/bal-input": "balInput",
      "@baloise/design-system-components/dist/components/bal-list": "balList",
      "@baloise/design-system-components/dist/components/bal-list-item": "balListItem",
      "@baloise/design-system-components/dist/components/bal-list-item-content": "balListItemContent",
      "@baloise/design-system-components/dist/components/bal-list-item-icon": "balListItemIcon",
      "@baloise/design-system-components/dist/components/bal-list-item-subtitle": "balListItemSubtitle",
      "@baloise/design-system-components/dist/components/bal-list-item-title": "balListItemTitle",
      "@baloise/design-system-components/dist/components/bal-modal": "balModal",
      "@baloise/design-system-components/dist/components/bal-modal-body": "balModalBody",
      "@baloise/design-system-components/dist/components/bal-modal-header": "balModalHeader",
      "@baloise/design-system-components/dist/components/bal-navbar": "balNavbar",
      "@baloise/design-system-components/dist/components/bal-navbar-brand": "balNavbarBrand",
      "@baloise/design-system-components/dist/components/bal-navbar-menu": "balNavbarMenu",
      "@baloise/design-system-components/dist/components/bal-navbar-menu-end": "balNavbarMenuEnd",
      "@baloise/design-system-components/dist/components/bal-navbar-menu-start": "balNavbarMenuStart",
      "@baloise/design-system-components/dist/components/bal-notices": "balNotices",
      "@baloise/design-system-components/dist/components/bal-notification": "balNotification",
      "@baloise/design-system-components/dist/components/bal-pagination": "balPagination",
      "@baloise/design-system-components/dist/components/bal-popover": "balPopover",
      "@baloise/design-system-components/dist/components/bal-popover-content": "balPopoverContent",
      "@baloise/design-system-components/dist/components/bal-radio": "balRadio",
      "@baloise/design-system-components/dist/components/bal-radio-group": "balRadioGroup",
      "@baloise/design-system-components/dist/components/bal-select": "balSelect",
      "@baloise/design-system-components/dist/components/bal-select-option": "balSelectOption",
      "@baloise/design-system-components/dist/components/bal-sheet": "balSheet",
      "@baloise/design-system-components/dist/components/bal-slider": "balSlider",
      "@baloise/design-system-components/dist/components/bal-snackbar": "balSnackbar",
      "@baloise/design-system-components/dist/components/bal-spinner": "balSpinner",
      "@baloise/design-system-components/dist/components/bal-tab-item": "balTabItem",
      "@baloise/design-system-components/dist/components/bal-table": "balTable",
      "@baloise/design-system-components/dist/components/bal-tabs": "balTabs",
      "@baloise/design-system-components/dist/components/bal-tag": "balTag",
      "@baloise/design-system-components/dist/components/bal-text": "balText",
      "@baloise/design-system-components/dist/components/bal-textarea": "balTextarea",
      "@baloise/design-system-components/dist/components/bal-timeinput": "balTimeinput",
      "@baloise/design-system-components/dist/components/bal-input-stepper": "balInputStepper",
      "@baloise/design-system-components/dist/components/bal-stage": "balStage",
      "@baloise/design-system-components/dist/components/bal-stage-body": "balStageBody",
      "@baloise/design-system-components/dist/components/bal-stage-foot": "balStageFoot",
      "@baloise/design-system-components/dist/components/bal-stage-head": "balStageHead",
      "@baloise/design-system-components/dist/components/bal-stage-image": "balStageImage",
      "@baloise/design-system-components/dist/components/bal-toast": "balToast"
    }
  },
  "whitelistedNonPeerDependencies": ["@baloise/design-system-components"]
}
